,0
0x17766886787dfbc9305b731215a22d9feab7317c,C1
0x415628f36a1f84c23b18e37ff652a3a8d3cfc5c5,C1
0xc0c512e335ac7a73980b431875622925c2d2b498,C1
0x5970c498244ce30248711497b7886feca0077423,C1
0x6165821a4540047bc8b16481a4a2e93a4c003d8a,C1
0xc331d4889c9707e427b6494817bc2d024d370c9e,C1
0x2d81713c58452c92c19b2917e1c770eecf53fe41,C1
0xe6ebc0dc38b2e96473822fbd1d785bdcea1238fe,C1
0xdc23c31c57747ee7cb2bb4b06af2ceab29e33cdb,C2
0xfed8916834fa297dd8bc14ecb162917e62723758,C2
0xe94c9fc334b21997b131876800e1561e431f420a,C2
0xe406938368062cc09f00c65278d209de5ac6dc4c,C2
0xe2c80299e86be75e419fc348637757686680ba00,C2
0xd332289ad25cdec2920d58c34df85be09cb81619,C2
0xd2e8970bbf4b212dea82ee1420dd141156bee403,C2
0xc37d3a9ac6013c691618014a5da4d062177dfbf3,C2
0xc2a0d8f65d0d43253b2fb5c49e9e83415bd88e28,C2
0xb7f7b14ffbbb7cda8510bf2799c5b4f79458701d,C2
0xb300cfaf0e4e3fbfe0c4b056277a526768887944,C2
0xabd92225705567045d17cdd26abf51f7b18364a7,C2
0xab36504f7fcbafee89426e4f339981ddecfb9566,C2
0xa76705eecec7885771b0dbdb46c4cf1d3a8802c4,C2
0xa6eeaab3941d5ff9fdae787a42509b536cb0d7cb,C2
0x9f710bc2b44e0c44dccf99997a610daf8532b0db,C2
0x9a6d90ef677ef5472c185e402c3e845ccb479560,C2
0x8e9068b59dfe9278edae9b8403cad0f919be4fdb,C2
0x872a50827fd0a7001893f17e7b0bc26cf33e3779,C2
0x8481427b1b88edb9e5f0e131c16ed2eb3421b15c,C2
0x828ab3767d9441e2707d90ea490882dcf7bfb0a7,C2
0x82668634464bbc87dc3163a1b0ab332e6951f587,C2
0x7cc90e120dab48525d342c0d05fa64ed55873dae,C2
0x7af7ff1a25acae797b6404138ef036a385dacdf4,C2
0x7934a1b8b774c7a804224359cf6ce680e4b91ea2,C2
0x772bfef2bcdc088dc35bbfd2d7049c9bbede208a,C2
0x76a09ab56aa645e04e41d86d9d6d77d1484a0489,C2
0x70644554c7ca9c9217809cc330b919d3aa155ddd,C2
0x65d079b57844fca66df262523a0b1934bead712b,C2
0x63adbd837555b52d6bd7a84266fa427e79e7f7a2,C2
0x58b5f126ca6fee0a8d6fc63115357338b5f7c272,C2
0x577aa432f09e33ecd3b656574970cb9593b214d5,C2
0x51062af21e68007edfa5d4f8c19b59def76abf4c,C2
0x467e7d98c37e019dfe42e26a322cde93a26f940c,C2
0x18612addab24b5b5dfeda6425c6b89a2048c36fb,C2
0x11d85393510f6ac21d64aa90a7b1c850b05a097c,C2
0x0833413b918d488e6d678f7441e715b145481c4d,C2
0x0451d3f67e5a51b76701706522754aa60121ed29,C2
0x06d5c70b50014468ebbafa99247a56a65167a786,C2
0x100dc3d705017abf3116b70f0b2354a75a47578c,C2
0x343441ef077dbb5510207d1bbb513f2390963140,C2
0x29a8a95a6aa1912fb9051b2581c8fb6356a18a60,C2
0xb4e391c34c4bbffc30fc817d2581366ec5456d38,C2
0xa6638d1301540a6b9c61501e36c9242a1a3a27aa,C2
0xb8c2d03cafffe98e35ceea1a399372dd8fafa91a,C2
0x9b4f1929836315a6d4ab6a73a109b918b9cead2b,C2
0xde2157869b1e961241985b01e5294730af7e61b5,C2
0x3ccbebc4dd1fa505d63cb7f2272fac86cfbed7c6,C2
0xb5e0da89b975d1f611d5e1ce1c4ecfe625b233ea,C2
0x898efe558cba7daa902b57f2eef5144f85835195,C2
0xcd4fd2aefc7fad24266aa1da67f99ed465a69656,C2
0x5c61216f9cbe04f8d63dd9371a35c96aab943a42,C2
0x7aa6a0f8a5d5a04618bf5f3160d111ab1e135290,C2
0xb61a84ee6a3db5a28632cba24b6bbb04b5e6b617,C2
0xeef496bb5126638205f36272dac411804120eb9d,C2
0x160c7f4dd4be8182b5c622729866826b095952a8,C2
0xcd601a1a4f2f4b6617a41143241b652bd21f6b75,C2
0x1a273290fefeb2fa03246082819d0e01a79cb2e5,C2
0x393bd4c89cfbc668821dcfff83589126a046f339,C2
0x33da03015d376372303f3f38f31d483c36ce6883,C2
0x6dd68d3c0c1cac052c905c47f821047616286f6e,C2
0xba2ef5189b762bd4c9e7f0b50fbbab65193935e8,C2
0x1fb858e4e40a07d0aaf4b5650c589e527a8582bb,C2
0x7c855e1bf411ab5975235bc8c74e032615073044,C2
0x4517684079c0d050a7d244107943ced30a65c5ae,C2
0x873d6214903310fbb59eca3513cf82afae8c1622,C2
0xc675ff7f663065e697a9412bc0eb0f43c76684b4,C2
0xf109727a0b59ee6ff2ec0efef42a47d662ec733b,C2
0x205bc715ff7ec006fde1a2d29a46a9f64780195a,C2
0x309471398adfa2b136970583ad0db66294f035e3,C2
0x553651a3c5fb03edb5a185b1155306fb8b5a59f7,C2
0xb5d903a991ca161b35543b158bf75413b0e54f31,C2
0xe9120e8d6159964d3c2e2a30bd767518d5d20c2d,C2
0x450f8eae88934991d2e4d64a782d05a6bd06c2d6,C2
0x56a8ea051eb7fde22c2a811edb25b6341c7afc37,C2
0xbc14803a9098527e3595efd16b546f72148182b9,C2
0xdf1afb900fe81a6cf5bf60bb79ef18a2f1541694,C2
0x29e4e4ec7c7c27ad25cf09e82ed9f42587c3c995,C2
0xe37821cc7494b863c5dc39137fa4c433139f7065,C2
0x32be8fafa56153074f8a69a1224eb7793ad2845d,C2
0x1421c2ba53f418018a1a9c4fcee338d7ab763b8f,C2
0x363463bb2f7b05c427bec0fee77b8142ec5dd452,C2
0x66d5e2840abb97feba4b471ee877e750dfb8271e,C2
0x57c710b45daaa840a2f6802e523f2ce8f7ec2b4c,C2
0x51b176857f54761fee263ed22ee621550173c8c5,C2
0xb05f20637ad9328d1aec730fddb98e6ca195d627,C2
0x76293d5f899274cbb59b04ba55c77dbb4819da15,C2
0x0f962356e9893c599f56a430f8d2a827ff65fe0e,C2
0x86b784e58a9502e01e8f926e671337b18bfaea4a,C2
0xa90db5f1130bbeb953c1f63b18575d7f65c85e70,C2
0x5d44ba2059bf0ba825163dfa9dfff93ad4185fee,C2
0x3b7cbba9715a4cd4e11679d96ded6a930f38df6c,C2
0x8661bc5ec778046f4ed7dc14ce4d72932070d026,C2
0x3e2e6134f72ba1fbb48fd5a840b11de9698e7b6d,C2
0x224aba5d489675a7bd3ce07786fada466b46fa0f,C2
0xa34f0a4e51a82529ee6db38c2448a8477a42f466,C2
0xffd4b62489dd59642659109f67ae46176db15a5a,C1
0xd64b4935059bb782aaf138777a5d5125ef5a210e,C3
0xd457f2e2927e2a593b4a7a2f86b43a130d885bb8,C3
0xaee6b099f09142f95d0680c379c82c0a3d306a64,C3
0xa0f00e59ef57d82449accb05b9512a47b264374b,C3
0x9ec949ee9494622d194311b704d730525d3693e5,C3
0x6eb1c39b3fab5e056b7e9ad0287de8e209fe0536,C3
0x64ac697f84bcddfacab514f07dd147c6958a7915,C3
0x3085ed07180e8a052346bebd8385e2c4f4fb8035,C3
0x12e016da9c6d90fc0d9ce2ac337c948f62c9fa4a,C3
0x229774945909450aea9ae676250012968ea5c93c,C3
0x89fcb042d49e520b7bf1294bbd26f065b4531b99,C4
0x9014a73651b85fafe606142e72e202e02ea2bc54,C4
0x96a4a06067509b516d47be4cbbad30c4d33e200e,C4
0xc4b8fe4ee7d45548ce04bd3855c0e76553c88530,C4
0x54599674a59541ffe0cee450ff6f09a05861bd42,C4
0xb03fff6ad3f1ee2a0dca9ec942ff191890e7f0b9,C4
0x4ae2ad5ba3f47ec7d02550e757d0b631e94314a7,C4
0x84df49b1d4fdcee1e3b410669b7e5087412b411b,C4
0xa1e989803e07c24d48af1be2e9c8ebf7b16ae2e0,C4
0xb7d44a3f99ca6874a30b69d360a9e9983b1d70d5,C4
0x3c1d6deb260a173059e030fa29d053545e7bc821,C4
0xc097c9040be2ec999feacf744d174d414ddf0ec9,C4
0xf7c4e374e116b68c5324463949ba3c5275b27236,C4
0x480ee4db7707f1420d77fe572c3f6169ba114705,C4
0x53da4d2c5ac6e18fe5568ab305436ec2ed93ccc1,C4
0xb9be40bdec31ec3935830acc8bcaad1a431f8bb0,C4
0xb9f5039273a63275d2f15e3c970bdbfcf47d0a5f,C4
0xcf6876ea88e2c1250806f24447de64083105e24d,C4
0x9288f7ae3b1eb9991181ac03f6b4c3aeed8b7f21,C4
0x9d49cfe50bf195f6823fdbf264182ca436672a52,C4
0xc6ccc232fa6bb1c927686bcf3301a3e5aa28c68f,C4
0x87049c7c047a84f58a3549da0d2d48e7347a4e06,C4
0xa3311e40ac917e30f65cdaacfdc59339daeb9d5e,C4
0x5ff923ceb80641a0156068eab163b52fdf57cab7,C4
0xfecc1e8d2f41454ebb1710767af901c0975da7fc,C4
0x0b02f1a3768ffc6baf906005d8f0e560c32d989f,C4
0x5ecc25d1f658af69d9b59fcaedb2d9ee38254036,C4
0x5eda9fe647207e4e1076464a2d82d63d4e981227,C4
0x823be8145d16169303650e6c9bf34bda93a9f9df,C4
0x87803829543c026a30297c47925278c69d8d44a7,C4
0xf76e2d2bba0292cf88f71934aff52ea54baa64d9,C4
